Model,MSE,MAE,R²
Linear Regression,33.44066770312961,4.744808891365792,0.7559365564268921
Random Forest,33.503568496557435,4.748107757105013,0.7554774811361784
Decision Tree,33.49159333939212,4.746105712939751,0.7555648806498796
